Dimension,Pearson r,Pearson p,Spearman rho,Spearman p,n
Accuracy,0.3894173552106521,0.08966949142241575,0.3733477461721511,0.10492978382228209,20
Completeness,-0.12117860088147908,0.6108118412256921,-0.1286189205799872,0.5889090046596592,20
Relevance,0.03081082611495043,0.8973988399976937,-0.016235135420816595,0.9458375553277969,20
Clarity,0.015662219904231105,0.9477463278607108,0.011466627220381258,0.9617324222442417,20
