reason,count,percent
Accuracy,47,0.618421052631579
Clarity,19,0.25
Completeness,7,0.09210526315789473
Relevance,3,0.039473684210526314
