baseline_mean,ours_mean,diff,wilcoxon_p,n_topics
0.3301388868391378,0.37808681418445184,0.04794792734531407,0.039989471435546875,20
