metric,n_articles,news_0_mean,news_2_mean,mean_diff_news_0_minus_news_2,paired_t_stat,paired_t_p,wilcoxon_stat,wilcoxon_p
pre_acc_mean,20,0.4239583333333333,0.409375,0.014583333333333342,0.5626357556533471,0.5802616824066282,91.5,0.6141133277165599
post_acc_mean,20,0.8812499999999999,0.8552083333333332,0.026041666666666678,2.3528983267728636,0.029554230249142367,26.5,0.031794034031298414
kgain_mean,20,0.4572916666666666,0.4458333333333333,0.011458333333333352,0.4300821237816762,0.6719744539714381,94.5,0.6949623944418379
normalized_gain_mean,20,0.7818040639915641,0.7212297771672772,0.06057428682428684,2.1006604354804628,0.04924993334938856,52.0,0.04844093322753906
